date,t,p
2016.1.1,-7,772
2016.1.2,-9,776
2016.1.3,-11,768
2016.1.4,-11,755
2016.1.5,-11,752
2016.1.6,-9,755
2016.1.7,-12,755
2016.1.8,-9,751
2016.1.9,-5,752
2016.1.10,-1,753
2016.1.11,-2,744
2016.1.12,-4,740
2016.1.13,0,745
2016.1.14,-2,755
2016.1.15,-3,755
2016.1.16,-6,758
2016.1.17,-1,761
2016.1.18,-2,761
2016.1.19,-6,758
2016.1.20,-6,754
2016.1.21,-7,763
2016.1.22,-4,770
2016.1.23,-2,770
2016.1.24,-5,767
2016.1.25,2,761
2016.1.26,4,758
2016.1.27,7,753
2016.1.28,7,752
2016.1.29,6,759
2016.1.30,7,752
2016.1.31,2,745
2016.2.1,4,753
2016.2.2,7,747
2016.2.3,6,747
2016.2.4,3,752
2016.2.5,4,760
2016.2.6,3,761
2016.2.7,8,755
2016.2.8,8,750
2016.2.9,8,745
2016.2.10,8,740
2016.2.11,4,743
2016.2.12,4,749
2016.2.13,4,748
2016.2.14,3,744
2016.2.15,4,754
2016.2.16,3,771
2016.2.17,2,775
2016.2.18,4,763
2016.2.19,1,759
2016.2.20,1,758
2016.2.21,4,746
2016.2.22,5,742
2016.2.23,5,749
2016.2.24,4,752
2016.2.25,3,753
2016.2.26,3,755
2016.2.27,4,761
2016.2.28,2,761
2016.2.29,3,768
2016.3.1,2,759
2016.3.2,4,751
2016.3.3,6,752
2016.3.4,2,753
2016.3.5,3,753
2016.3.6,7,747
2016.3.7,9,753
2016.3.8,6,755
2016.3.9,7,762
2016.3.10,4,765
2016.3.11,3,767
2016.3.12,4,770
2016.3.13,8,774
2016.3.14,3,768
2016.3.15,3,770
2016.3.16,4,773
2016.3.17,6,763
2016.3.18,7,754
2016.3.19,2,758
2016.3.20,4,753
2016.3.21,9,752
2016.3.22,2,752
2016.3.23,5,755
2016.3.24,6,757
2016.3.25,9,756
2016.3.26,7,759
2016.3.27,12,761
2016.3.28,14,756
2016.3.29,11,750
2016.3.30,7,755
2016.3.31,7,756
2016.4.1,5,757
2016.4.2,11,767
2016.4.3,14,761
2016.4.4,18,757
2016.4.5,19,754
2016.4.6,12,753
2016.4.7,18,754
2016.4.8,12,756
2016.4.9,12,755
2016.4.10,15,758
2016.4.11,14,761
2016.4.12,15,757
2016.4.13,10,752
2016.4.14,12,752
2016.4.15,13,755
2016.4.16,16,752
2016.4.17,10,752
2016.4.18,9,759
2016.4.19,10,757
2016.4.20,10,761
2016.4.21,14,761
2016.4.22,6,753
2016.4.23,12,753
2016.4.24,4,752
2016.4.25,10,752
2016.4.26,10,751
2016.4.27,9,754
2016.4.28,10,757
2016.4.29,11,766
2016.4.30,16,765
2016.5.1,12,765
2016.5.2,18,765
2016.5.3,19,760
2016.5.4,21,763
2016.5.5,21,766
2016.5.6,21,764
2016.5.7,23,764
2016.5.8,25,765
2016.5.9,26,765
2016.5.10,25,762
2016.5.11,24,758
2016.5.12,23,753
2016.5.13,22,747
2016.5.14,16,746
2016.5.15,13,752
2016.5.16,11,753
2016.5.17,9,755
2016.5.18,16,757
2016.5.19,17,758
2016.5.20,20,758
2016.5.21,18,760
2016.5.22,22,761
2016.5.23,25,758
2016.5.24,24,756
2016.5.25,23,755
2016.5.26,16,759
2016.5.27,23,761
2016.5.28,19,761
2016.5.29,27,758
2016.5.30,27,757
2016.5.31,27,758
2016.6.1,23,759
2016.6.2,27,759
2016.6.3,27,758
2016.6.4,23,757
2016.6.5,18,760
2016.6.6,16,765
2016.6.7,18,766
2016.6.8,22,758
2016.6.9,17,758
2016.6.10,13,750
2016.6.11,11,755
2016.6.12,16,758
2016.6.13,18,754
2016.6.14,22,750
2016.6.15,16,748
2016.6.16,21,751
2016.6.17,28,744
2016.6.18,17,757
2016.6.19,24,763
2016.6.20,20,762
2016.6.21,20,762
2016.6.22,23,767
2016.6.23,28,767
2016.6.24,30,763
2016.6.25,32,759
2016.6.26,32,756
2016.6.27,22,759
2016.6.28,22,759
2016.6.29,24,758
2016.6.30,26,758
2016.7.1,27,759
2016.7.2,30,757
2016.7.3,17,759
2016.7.4,15,761
2016.7.5,19,758
2016.7.6,17,750
2016.7.7,19,756
2016.7.8,19,758
2016.7.9,19,755
2016.7.10,17,758
2016.7.11,26,752
2016.7.12,23,756
2016.7.13,19,756
2016.7.14,17,754
2016.7.15,17,755
2016.7.16,20,764
2016.7.17,23,759
2016.7.18,21,758
2016.7.19,22,760
2016.7.20,22,761
2016.7.21,21,758
2016.7.22,20,759
2016.7.23,22,762
2016.7.24,24,763
2016.7.25,28,761
2016.7.26,29,760
2016.7.27,27,761
2016.7.28,25,757
2016.7.29,25,756
2016.7.30,26,755
2016.7.31,25,756
2016.8.1,18,756
2016.8.2,23,759
2016.8.3,21,758
2016.8.4,25,756
2016.8.5,27,755
2016.8.6,19,761
2016.8.7,19,763
2016.8.8,25,759
2016.8.9,20,759
2016.8.10,18,759
2016.8.11,17,761
2016.8.12,20,763
2016.8.13,20,761
2016.8.14,19,760
2016.8.15,20,761
2016.8.16,19,757
2016.8.17,15,755
2016.8.18,15,755
2016.8.19,23,758
2016.8.20,27,760
2016.8.21,25,759
2016.8.22,18,764
2016.8.23,19,765
2016.8.24,21,767
2016.8.25,24,767
2016.8.26,26,764
2016.8.27,29,762
2016.8.28,27,761
2016.8.29,24,755
2016.8.30,17,762
2016.8.31,17,765
2016.9.1,24,761
2016.9.2,20,761
2016.9.3,20,758
2016.9.4,15,755
2016.9.5,19,758
2016.9.6,20,767
2016.9.7,23,765
2016.9.8,22,760
2016.9.9,25,760
2016.9.10,26,761
2016.9.11,26,761
2016.9.12,25,764
2016.9.13,22,764
2016.9.14,20,763
2016.9.15,21,763
2016.9.16,20,760
2016.9.17,18,761
2016.9.18,15,763
2016.9.19,15,761
2016.9.20,13,759
2016.9.21,16,762
2016.9.22,17,761
2016.9.23,16,761
2016.9.24,18,763
2016.9.25,16,767
2016.9.26,15,768
2016.9.27,15,769
2016.9.28,13,759
2016.9.29,17,756
2016.9.30,18,755
2016.10.1,18,759
2016.10.2,17,757
2016.10.3,15,764
2016.10.4,12,770
2016.10.5,9,764
2016.10.6,8,761
2016.10.7,6,760
2016.10.8,8,761
2016.10.9,10,764
2016.10.10,7,764
2016.10.11,7,767
2016.10.12,8,769
2016.10.13,9,768
2016.10.14,1,770
2016.10.15,2,769
2016.10.16,7,773
2016.10.17,10,773
2016.10.18,8,767
2016.10.19,9,763
2016.10.20,8,764
2016.10.21,4,764
2016.10.22,3,761
2016.10.23,9,765
2016.10.24,5,765
2016.10.25,7,760
2016.10.26,8,767
2016.10.27,9,770
2016.10.28,9,760
2016.10.29,10,758
2016.10.30,7,760
2016.10.31,6,763
2016.11.1,3,759
2016.11.2,7,745
2016.11.3,4,754
2016.11.4,4,761
2016.11.5,6,756
2016.11.6,5,746
2016.11.7,2,748
2016.11.8,4,755
2016.11.9,2,756
2016.11.10,0,755
2016.11.11,-1,762
2016.11.12,1,767
2016.11.13,3,768
2016.11.14,4,770
2016.11.15,2,764
2016.11.16,4,756
2016.11.17,7,752
2016.11.18,8,751
2016.11.19,9,758
2016.11.20,8,761
2016.11.21,10,761
2016.11.22,6,764
2016.11.23,5,764
2016.11.24,7,764
2016.11.25,6,764
2016.11.26,4,752
2016.11.27,2,748
2016.11.28,-1,761
2016.11.29,1,766
2016.11.30,3,755
2016.12.1,4,751
2016.12.2,1,751
2016.12.3,0,761
2016.12.4,-2,768
2016.12.5,3,760
2016.12.6,2,765
2016.12.7,1,771
2016.12.8,8,755
2016.12.9,7,755
2016.12.10,8,752
2016.12.11,7,749
2016.12.12,-4,764
2016.12.13,-1,764
2016.12.14,2,759
2016.12.15,2,772
2016.12.16,0,773
2016.12.17,1,772
2016.12.18,1,769
2016.12.19,2,768
2016.12.20,5,771
2016.12.21,2,768
2016.12.22,2,768
2016.12.23,2,767
2016.12.24,2,758
2016.12.25,5,755
2016.12.26,10,752
2016.12.27,4,751
2016.12.28,3,768
2016.12.29,2,776
2016.12.30,3,770
2016.12.31,1,764
2017.1.1,3,755
2017.1.2,2,750
2017.1.3,0,752
2017.1.4,1,734
2017.1.5,-9,762
2017.1.6,-14,776
2017.1.7,-9,769
2017.1.8,-7,770
2017.1.9,-4,767
2017.1.10,-6,764
2017.1.11,-5,757
2017.1.12,2,743
2017.1.13,1,741
2017.1.14,-1,746
2017.1.15,-1,755
2017.1.16,0,764
2017.1.17,-1,774
2017.1.18,-1,776
2017.1.19,-2,771
2017.1.20,3,767
2017.1.21,3,770
2017.1.22,0,771
2017.1.23,-1,764
2017.1.24,2,764
2017.1.25,1,770
2017.1.26,1,770
2017.1.27,1,767
2017.1.28,0,768
2017.1.29,-1,766
2017.1.30,0,764
2017.1.31,-3,765
2017.2.1,-2,767
2017.2.2,0,761
2017.2.3,-1,758
2017.2.4,1,757
2017.2.5,-1,757
2017.2.6,-4,765
2017.2.7,-8,770
2017.2.8,-9,776
2017.2.9,-5,777
2017.2.10,0,778
2017.2.11,-2,777
2017.2.12,-2,779
2017.2.13,-6,777
2017.2.14,6,771
2017.2.15,2,775
2017.2.16,6,765
2017.2.17,4,760
2017.2.18,3,763
2017.2.19,3,759
2017.2.20,5,751
2017.2.21,5,743
2017.2.22,1,740
2017.2.23,5,741
2017.2.24,0,743
2017.2.25,4,757
2017.2.26,3,750
2017.2.27,7,754
2017.2.28,9,745
2017.3.1,8,746
2017.3.2,6,747
2017.3.3,5,755
2017.3.4,9,751
2017.3.5,8,749
2017.3.6,0,748
2017.3.7,1,754
2017.3.8,3,766
2017.3.9,5,760
2017.3.10,4,761
2017.3.11,5,764
2017.3.12,4,767
2017.3.13,6,768
2017.3.14,9,767
2017.3.15,7,759
2017.3.16,9,760
2017.3.17,8,750
2017.3.18,5,743
2017.3.19,6,749
2017.3.20,5,751
2017.3.21,10,751
2017.3.22,10,761
2017.3.23,12,767
2017.3.24,10,767
2017.3.25,5,761
2017.3.26,9,766
2017.3.27,14,762
2017.3.28,14,761
2017.3.29,11,757
2017.3.30,9,767
2017.3.31,12,761
2017.4.1,22,757
2017.4.2,23,757
2017.4.3,12,765
2017.4.4,16,767
2017.4.5,9,759
2017.4.6,8,755
2017.4.7,8,756
2017.4.8,11,763
2017.4.9,9,765
2017.4.10,19,755
2017.4.11,8,755
2017.4.12,6,752
2017.4.13,8,749
2017.4.14,7,751
2017.4.15,9,753
2017.4.16,5,755
2017.4.17,4,761
2017.4.18,5,767
2017.4.19,4,771
2017.4.20,8,770
2017.4.21,7,757
2017.4.22,7,752
2017.4.23,9,755
2017.4.24,8,757
2017.4.25,14,748
2017.4.26,8,756
2017.4.27,12,758
2017.4.28,6,758
2017.4.29,7,755
2017.4.30,9,766
2017.5.1,13,766
2017.5.2,15,767
2017.5.3,17,767
2017.5.4,17,764
2017.5.5,18,764
2017.5.6,22,758
2017.5.7,13,753
2017.5.8,11,754
2017.5.9,4,757
2017.5.10,4,755
2017.5.11,9,756
2017.5.12,15,757
2017.5.13,19,759
2017.5.14,21,764
2017.5.15,16,766
2017.5.16,17,770
2017.5.17,20,767
2017.5.18,24,762
2017.5.19,26,760
2017.5.20,26,758
2017.5.21,22,761
2017.5.22,22,761
2017.5.23,20,758
2017.5.24,20,756
2017.5.25,19,759
2017.5.26,17,761
2017.5.27,21,765
2017.5.28,27,763
2017.5.29,17,756
2017.5.30,22,757
2017.5.31,18,755
2017.6.1,15,758
2017.6.2,17,759
2017.6.3,17,763
2017.6.4,18,756
2017.6.5,17,758
2017.6.6,22,758
2017.6.7,18,757
2017.6.8,16,761
2017.6.9,21,761
2017.6.10,27,759
2017.6.11,22,761
2017.6.12,17,750
2017.6.13,15,751
2017.6.14,19,757
2017.6.15,20,759
2017.6.16,22,754
2017.6.17,18,758
2017.6.18,22,763
2017.6.19,24,761
2017.6.20,25,754
2017.6.21,19,757
2017.6.22,20,756
2017.6.23,21,752
2017.6.24,17,753
2017.6.25,20,752
2017.6.26,17,752
2017.6.27,19,757
2017.6.28,23,754
2017.6.29,24,746
2017.6.30,17,743
2017.7.1,17,749
2017.7.2,14,751
2017.7.3,18,758
2017.7.4,15,756
2017.7.5,13,759
2017.7.6,19,761
2017.7.7,21,761
2017.7.8,21,756
2017.7.9,21,758
2017.7.10,25,757
2017.7.11,23,752
2017.7.12,24,754
2017.7.13,18,754
2017.7.14,19,758
2017.7.15,19,761
2017.7.16,22,762
2017.7.17,19,760
2017.7.18,19,762
2017.7.19,22,761
2017.7.20,23,758
2017.7.21,17,759
2017.7.22,23,761
2017.7.23,21,759
2017.7.24,19,754
2017.7.25,22,749
2017.7.26,19,746
2017.7.27,25,750
2017.7.28,24,753
2017.7.29,22,758
2017.7.30,27,758
2017.7.31,24,758
2017.8.1,24,761
2017.8.2,23,760
2017.8.3,24,758
2017.8.4,23,755
2017.8.5,22,756
2017.8.6,19,760
2017.8.7,21,764
2017.8.8,24,765
2017.8.9,25,761
2017.8.10,20,761
2017.8.11,26,759
2017.8.12,24,755
2017.8.13,21,759
2017.8.14,20,766
2017.8.15,22,767
2017.8.16,26,762
2017.8.17,23,763
2017.8.18,28,759
2017.8.19,18,758
2017.8.20,19,761
2017.8.21,20,758
2017.8.22,14,758
2017.8.23,16,758
2017.8.24,18,757
2017.8.25,19,758
2017.8.26,21,761
2017.8.27,15,755
2017.8.28,18,761
2017.8.29,19,763
2017.8.30,23,761
2017.8.31,25,756
2017.9.1,17,761
2017.9.2,15,755
2017.9.3,17,755
2017.9.4,15,752
2017.9.5,16,758
2017.9.6,13,756
2017.9.7,14,750
2017.9.8,15,753
2017.9.9,21,751
2017.9.10,22,751
2017.9.11,17,751
2017.9.12,18,751
2017.9.13,19,749
2017.9.14,17,745
2017.9.15,16,752
2017.9.16,19,759
2017.9.17,14,757
2017.9.18,12,747
2017.9.19,14,759
2017.9.20,18,761
2017.9.21,12,759
2017.9.22,15,761
2017.9.23,18,763
2017.9.24,20,767
2017.9.25,19,770
2017.9.26,20,773
2017.9.27,19,775
2017.9.28,18,774
2017.9.29,15,773
2017.9.30,15,769
2017.10.1,12,769
2017.10.2,15,763
2017.10.3,13,754
2017.10.4,12,755
2017.10.5,9,744
2017.10.6,15,747
2017.10.7,13,754
2017.10.8,11,750
2017.10.9,10,748
2017.10.10,10,752
2017.10.11,15,753
2017.10.12,13,752
2017.10.13,11,757
2017.10.14,13,759
2017.10.15,15,764
2017.10.16,21,761
2017.10.17,17,761
2017.10.18,15,758
2017.10.19,12,762
2017.10.20,13,762
2017.10.21,8,759
2017.10.22,6,761
2017.10.23,4,760
2017.10.24,6,768
2017.10.25,5,761
2017.10.26,12,756
2017.10.27,9,752
2017.10.28,9,743
2017.10.29,7,731
2017.10.30,4,748
2017.10.31,6,757
2017.11.1,8,755
2017.11.2,10,747
2017.11.3,9,757
2017.11.4,11,759
2017.11.5,10,755
2017.11.6,8,760
2017.11.7,7,769
2017.11.8,9,767
2017.11.9,5,763
2017.11.10,6,754
2017.11.11,6,746
2017.11.12,7,746
2017.11.13,4,752
2017.11.14,6,761
2017.11.15,6,764
2017.11.16,7,767
2017.11.17,6,761
2017.11.18,6,755
2017.11.19,5,747
2017.11.20,4,750
2017.11.21,3,756
2017.11.22,0,758
2017.11.23,7,756
2017.11.24,8,756
2017.11.25,7,755
2017.11.26,5,755
2017.11.27,4,755
2017.11.28,3,754
2017.11.29,3,754
2017.11.30,2,753
2017.12.1,1,749
2017.12.2,3,764
2017.12.3,1,762
2017.12.4,3,754
2017.12.5,2,759
2017.12.6,3,755
2017.12.7,7,755
2017.12.8,5,747
2017.12.9,2,750
2017.12.10,2,748
2017.12.11,2,743
2017.12.12,9,743
2017.12.13,0,755
2017.12.14,1,741
2017.12.15,3,746
2017.12.16,-1,749
2017.12.17,2,759
2017.12.18,-2,767
2017.12.19,-1,768
2017.12.20,1,770
2017.12.21,0,761
2017.12.22,4,761
2017.12.23,1,753
2017.12.24,6,752
2017.12.25,7,754
2017.12.26,6,749
2017.12.27,3,747
2017.12.28,7,743
2017.12.29,3,749
2017.12.30,3,755
2017.12.31,2,749

2018.1.1,9,746
2018.1.2,5,752
2018.1.3,3,745
2018.1.4,6,741
2018.1.5,5,741
2018.1.6,4,752
2018.1.7,2,769
2018.1.8,3,773
2018.1.9,2,773
2018.1.10,0,764
2018.1.11,-3,765
2018.1.12,-2,775
2018.1.13,0,779
2018.1.14,-6,776
2018.1.15,-7,768
2018.1.16,-4,749
2018.1.17,-4,740
2018.1.18,3,746
2018.1.19,-2,747
2018.1.20,-2,754
2018.1.21,-3,758
2018.1.22,-7,762
2018.1.23,-5,768
2018.1.24,1,761
2018.1.25,5,758
2018.1.26,3,761
2018.1.27,3,768
2018.1.28,4,758
2018.1.29,4,752
2018.1.30,3,755
2018.1.31,3,757
2018.2.1,4,747
2018.2.2,3,752
2018.2.3,1,752
2018.2.4,2,761
2018.2.5,-3,766
2018.2.6,-1,759
2018.2.7,0,763
2018.2.8,-4,763
2018.2.9,-4,764
2018.2.10,-5,761
2018.2.11,-2,755
2018.2.12,0,755
2018.2.13,4,761
2018.2.14,1,764
2018.2.15,-2,767
2018.2.16,-1,761
2018.2.17,2,762
2018.2.18,0,767
2018.2.19,1,766
2018.2.20,4,766
2018.2.21,-1,766
2018.2.22,-5,770
2018.2.23,-5,768
2018.2.24,-10,771
2018.2.25,-10,771
2018.2.26,-8,769
2018.2.27,-11,769
2018.2.28,-12,772
2018.3.1,-12,765
2018.3.2,-5,756
2018.3.3,-7,752
2018.3.4,-2,754
2018.3.5,-1,753
2018.3.6,4,748
2018.3.7,0,746
2018.3.8,3,749
2018.3.9,4,750
2018.3.10,2,755
2018.3.11,4,752
2018.3.12,9,746
2018.3.13,9,743
2018.3.14,3,753
2018.3.15,0,759
2018.3.16,-4,761
2018.3.17,-3,764
2018.3.18,0,767
2018.3.19,5,759
2018.3.20,3,755
2018.3.21,2,763
2018.3.22,2,756
2018.3.23,4,753
2018.3.24,7,755
2018.3.25,9,755
2018.3.26,9,755
2018.3.27,3,759
2018.3.28,3,759
2018.3.29,2,754
2018.3.30,4,754
2018.3.31,8,753
2018.4.1,5,741
2018.4.2,2,749
2018.4.3,7,755
2018.4.4,18,753
2018.4.5,18,750
2018.4.6,9,761
2018.4.7,14,768
2018.4.8,22,761
2018.4.9,23,752
2018.4.10,20,757
2018.4.11,12,761
2018.4.12,15,761
2018.4.13,19,761
2018.4.14,22,761
2018.4.15,21,762
2018.4.16,18,758
2018.4.17,12,763
2018.4.18,15,769
2018.4.19,16,768
2018.4.20,20,766
2018.4.21,15,758
2018.4.22,16,759
2018.4.23,18,756
2018.4.24,14,755
2018.4.25,11,747
2018.4.26,12,754
2018.4.27,13,759
2018.4.28,18,758
2018.4.29,23,757
2018.4.30,26,752
2018.5.1,23,755
2018.5.2,17,762
2018.5.3,26,755
2018.5.4,15,764
2018.5.5,16,767
2018.5.6,18,767
2018.5.7,22,765
2018.5.8,24,761
2018.5.9,24,758
2018.5.10,27,759
2018.5.11,27,762
2018.5.12,24,764
2018.5.13,27,761
2018.5.14,24,762
2018.5.15,15,760
2018.5.16,24,756
2018.5.17,19,752
2018.5.18,15,755
2018.5.19,18,762
2018.5.20,20,767
2018.5.21,22,767
2018.5.22,22,761
2018.5.23,21,765
2018.5.24,24,767
2018.5.25,25,764
2018.5.26,21,767
2018.5.27,27,766
2018.5.28,28,767
2018.5.29,29,765
2018.5.30,30,762
2018.5.31,26,762
2018.6.1,27,761
2018.6.2,26,758
2018.6.3,27,758
2018.6.4,27,753
2018.6.5,16,755
2018.6.6,17,764
2018.6.7,21,764
2018.6.8,25,760
2018.6.9,25,759
2018.6.10,29,757
2018.6.11,22,752
2018.6.12,17,752
2018.6.13,21,754
2018.6.14,20,758
2018.6.15,24,759
2018.6.16,25,761
2018.6.17,27,759
2018.6.18,25,761
2018.6.19,19,760
2018.6.20,23,762
2018.6.21,30,751
2018.6.22,17,755
2018.6.23,18,756
2018.6.24,17,756
2018.6.25,14,759
2018.6.26,17,764
2018.6.27,27,767
2018.6.28,29,763
2018.6.29,24,755
2018.6.30,18,758
2018.7.1,14,758
2018.7.2,12,755
2018.7.3,16,756
2018.7.4,24,755
2018.7.5,25,753
2018.7.6,23,755
2018.7.7,24,758
2018.7.8,24,760
2018.7.9,25,758
2018.7.10,24,760
2018.7.11,27,758
2018.7.12,19,756
2018.7.13,23,755
2018.7.14,20,755
2018.7.15,19,756
2018.7.16,26,755
2018.7.17,23,752
2018.7.18,29,752
2018.7.19,29,754
2018.7.20,26,754
2018.7.21,26,755
2018.7.22,27,755
2018.7.23,27,756
2018.7.24,27,757
2018.7.25,21,758
2018.7.26,26,760
2018.7.27,27,761
2018.7.28,29,756
2018.7.29,30,758
2018.7.30,30,761
2018.7.31,32,762
2018.8.1,14,758
2018.8.2,12,755
2018.8.3,16,756
2018.8.4,24,755
2018.8.5,25,753
2018.8.6,23,755
2018.8.7,24,758
2018.8.8,24,760
2018.8.9,25,758
2018.8.10,24,760
2018.8.11,27,758
2018.8.12,19,756
2018.8.13,23,755
2018.8.14,20,755
2018.8.15,19,756
2018.8.16,26,755
2018.8.17,23,752
2018.8.18,29,752
2018.8.19,29,754
2018.8.20,26,754
2018.8.21,26,755
2018.8.22,27,755
2018.8.23,27,756
2018.8.24,27,757
2018.8.25,21,758
2018.8.26,26,760
2018.8.27,27,761
2018.8.28,29,756
2018.8.29,30,758
2018.8.30,30,761
2018.8.31,32,762
2018.9.1,22,766
2018.9.2,21,768
2018.9.3,24,764
2018.9.4,23,758
2018.9.5,18,761
2018.9.6,25,758
2018.9.7,26,758
2018.9.8,22,761
2018.9.9,20,765
2018.9.10,22,764
2018.9.11,21,761
2018.9.12,22,759
2018.9.13,18,763
2018.9.14,19,763
2018.9.15,15,761
2018.9.16,14,765
2018.9.17,22,762
2018.9.18,24,761
2018.9.19,26,761
2018.9.20,27,760
2018.9.21,28,756
2018.9.22,16,757
2018.9.23,16,755
2018.9.24,9,754
2018.9.25,12,768
2018.9.26,12,767
2018.9.27,17,761
2018.9.28,14,758
2018.9.29,13,767
2018.9.30,14,762
2018.10.1,16,755
2018.10.2,14,754
2018.10.3,9,746
2018.10.4,12,762
2018.10.5,16,764
2018.10.6,18,758
2018.10.7,17,752
2018.10.8,11,767
2018.10.9,14,766
2018.10.10,20,767
2018.10.11,21,769
2018.10.12,21,769
2018.10.13,22,770
2018.10.14,21,767
2018.10.15,20,764
2018.10.16,20,764
2018.10.17,20,764
2018.10.18,19,761
2018.10.19,13,764
2018.10.20,12,765
2018.10.21,13,768
2018.10.22,11,761
2018.10.23,6,743
2018.10.24,7,743
2018.10.25,6,743
2018.10.26,9,751
2018.10.27,10,746
2018.10.28,7,761
2018.10.29,3,760
2018.10.30,16,754
2018.10.31,16,764
2018.11.1,12,765
2018.11.2,17,764
2018.11.3,10,768
2018.11.4,10,769
2018.11.5,11,764
2018.11.6,13,763
2018.11.7,10,762
2018.11.8,10,763
2018.11.9,7,763
2018.11.10,9,760
2018.11.11,6,762
2018.11.12,8,765
2018.11.13,10,762
2018.11.14,10,765
2018.11.15,10,773
2018.11.16,3,779
2018.11.17,4,779
2018.11.18,6,767
2018.11.19,5,770
2018.11.20,3,770
2018.11.21,0,770
2018.11.22,-3,770
2018.11.23,-3,769
2018.11.24,1,760
2018.11.25,2,758
2018.11.26,0,759
2018.11.27,0,762
2018.11.28,-5,773
2018.11.29,-3,774
2018.11.30,-1,768
2018.12.1,-4,761
2018.12.2,1,755
2018.12.3,3,748
2018.12.4,6,751
2018.12.5,5,763
2018.12.6,0,764
2018.12.7,2,751
2018.12.8,7,746
2018.12.9,5,740
2018.12.10,5,746
2018.12.11,3,756
2018.12.12,1,764
2018.12.13,-1,766
2018.12.14,0,769
2018.12.15,0,771
2018.12.16,-1,764
2018.12.17,-1,764
2018.12.18,-1,770
2018.12.19,-1,768
2018.12.20,-4,763
2018.12.21,-2,757
2018.12.22,1,746
2018.12.23,1,757
2018.12.24,-2,758
2018.12.25,0,760
2018.12.26,5,758
2018.12.27,4,758
2018.12.28,4,758
2018.12.29,4,763
2018.12.30,6,758
2018.12.31,2,767

2019.1.1,6,746
2019.1.2,1,751
2019.1.3,-2,764
2019.1.4,-2,760
2019.1.5,0,755
2019.1.6,-4,766
2019.1.7,-5,766
2019.1.8,-3,747
2019.1.9,-2,752
2019.1.10,-8,762
2019.1.11,-4,755
2019.1.12,0,749
2019.1.13,2,740
2019.1.14,-1,734
2019.1.15,1,743
2019.1.16,1,749
2019.1.17,3,743
2019.1.18,-1,753
2019.1.19,0,761
2019.1.20,0,758
2019.1.21,-2,761
2019.1.22,-3,760
2019.1.23,-5,757
2019.1.24,-8,762
2019.1.25,-6,758
2019.1.26,-4,751
2019.1.27,-4,748
2019.1.28,-1,745
2019.1.29,1,747
2019.1.30,-4,754
2019.1.31,-1,753
2019.2.1,2,752
2019.2.2,3,749
2019.2.3,3,755
2019.2.4,-1,765
2019.2.5,-1,767
2019.2.6,2,765
2019.2.7,4,759
2019.2.8,3,758
2019.2.9,4,752
2019.2.10,7,751
2019.2.11,6,743
2019.2.12,3,759
2019.2.13,4,758
2019.2.14,5,770
2019.2.15,5,769
2019.2.16,10,765
2019.2.17,6,764
2019.2.18,4,765
2019.2.19,10,753
2019.2.20,5,755
2019.2.21,2,763
2019.2.22,-1,778
2019.2.23,-1,779
2019.2.24,7,772
2019.2.25,5,768
2019.2.26,9,764
2019.2.27,12,760
2019.2.28,8,746
2019.3.1,0,753
2019.3.2,1,758
2019.3.3,6,749
2019.3.4,10,740
2019.3.5,5,740
2019.3.6,4,758
2019.3.7,9,747
2019.3.8,10,746
2019.3.9,8,748
2019.3.10,5,744
2019.3.11,2,750
2019.3.12,2,758
2019.3.13,4,750
2019.3.14,6,745
2019.3.15,6,744
2019.3.16,4,746
2019.3.17,8,747
2019.3.18,9,752
2019.3.19,5,762
2019.3.20,8,770
2019.3.21,10,768
2019.3.22,11,772
2019.3.23,13,765
2019.3.24,9,763
2019.3.25,4,755
2019.3.26,3,754
2019.3.27,7,765
2019.3.28,7,770
2019.3.29,9,765
2019.3.30,16,763
2019.3.31,9,760
2019.4.1,9,770
2019.4.2,12,767
2019.4.3,13,761
2019.4.4,15,757
2019.4.5,16,758
2019.4.6,17,759
2019.4.7,18,754
2019.4.8,12,756
2019.4.9,6,758
2019.4.10,3,761
2019.4.11,5,765
2019.4.12,8,767
2019.4.13,9,767
2019.4.14,10,769
2019.4.15,12,769
2019.4.16,9,770
2019.4.17,19,770
2019.4.18,20,772
2019.4.19,20,772
2019.4.20,18,769
2019.4.21,14,764
2019.4.22,15,767
2019.4.23,20,767
2019.4.24,21,762
2019.4.25,24,760
2019.4.26,26,756
2019.4.27,27,752
2019.4.28,16,757
2019.4.29,20,759
2019.4.30,19,758
2019.5.1,19,752
2019.5.2,10,744
2019.5.3,10,750
2019.5.4,12,751
2019.5.5,9,758
2019.5.6,13,758
2019.5.7,11,758
2019.5.8,13,760
2019.5.9,18,753
2019.5.10,14,753
2019.5.11,16,755
2019.5.12,16,765
2019.5.13,11,770
2019.5.14,9,769
2019.5.15,16,764
2019.5.16,15,761
2019.5.17,19,759
2019.5.18,16,758
2019.5.19,25,755
2019.5.20,27,753
2019.5.21,25,753
2019.5.22,23,753
2019.5.23,20,755
2019.5.24,18,757
2019.5.25,15,755
2019.5.26,14,755
2019.5.27,20,752
2019.5.28,20,750
2019.5.29,13,760
2019.5.30,17,766
2019.5.31,20,763
2019.6.1,21,763
2019.6.2,19,762
2019.6.3,25,762
2019.6.4,28,760
2019.6.5,30,759
2019.6.6,29,759
2019.6.7,28,759
2019.6.8,29,760
2019.6.9,23,767
2019.6.10,25,763
2019.6.11,32,758
2019.6.12,33,758
2019.6.13,32,757
2019.6.14,22,763
2019.6.15,25,761
2019.6.16,24,758
2019.6.17,23,762
2019.6.18,24,764
2019.6.19,28,758
2019.6.20,29,755
2019.6.21,25,758
2019.6.22,21,765
2019.6.23,22,765
2019.6.24,25,768
2019.6.25,28,768
2019.6.26,31,761
2019.6.27,21,758
2019.6.28,20,761
2019.6.29,23,760
2019.6.30,28,757
2019.7.1,22,755
2019.7.2,16,756
2019.7.3,16,759
2019.7.4,16,760
2019.7.5,17,752
2019.7.6,18,752
2019.7.7,14,749
2019.7.8,19,752
2019.7.9,15,752
2019.7.10,15,754
2019.7.11,19,755
2019.7.12,20,755
2019.7.13,21,755
2019.7.14,20,757
2019.7.15,23,757
2019.7.16,15,752
2019.7.17,19,754
2019.7.18,21,757
2019.7.19,24,758
2019.7.20,27,759
2019.7.21,23,759
2019.7.22,21,762
2019.7.23,23,761
2019.7.24,25,761
2019.7.25,25,761
2019.7.26,25,759
2019.7.27,23,758
2019.7.28,29,754
2019.7.29,24,752
2019.7.30,27,752
2019.7.31,20,759
2019.8.1,17,759
2019.8.2,19,757
2019.8.3,20,757
2019.8.4,20,757
2019.8.5,22,756
2019.8.6,25,754
2019.8.7,25,753
2019.8.8,21,752
2019.8.9,17,755
2019.8.10,19,758
2019.8.11,26,759
2019.8.12,26,757
2019.8.13,22,757
2019.8.14,19,758
2019.8.15,22,759
2019.8.16,25,758
2019.8.17,26,758
2019.8.18,27,755
2019.8.19,24,759
2019.8.20,22,764
2019.8.21,18,766
2019.8.22,22,770
2019.8.23,24,769
2019.8.24,27,767
2019.8.25,28,767
2019.8.26,28,767
2019.8.27,29,766
2019.8.28,30,763
2019.8.29,27,760
2019.8.30,26,764
2019.8.31,24,764
2019.9.1,23,756
2019.9.2,18,759
2019.9.3,19,762
2019.9.4,23,760
2019.9.5,25,756
2019.9.6,20,764
2019.9.7,21,763
2019.9.8,20,760
2019.9.9,26,758
2019.9.10,18,759
2019.9.11,21,765
2019.9.12,20,766
2019.9.13,19,761
2019.9.14,17,767
2019.9.15,18,756
2019.9.16,17,754
2019.9.17,9,750
2019.9.18,13,755
2019.9.19,11,761
2019.9.20,13,765
2019.9.21,15,761
2019.9.22,15,759
2019.9.23,13,764
2019.9.24,15,761
2019.9.25,16,756
2019.9.26,18,757
2019.9.27,20,758
2019.9.28,17,755
2019.9.29,16,750
2019.9.30,16,737
2019.10.1,13,749
2019.10.2,10,748
2019.10.3,11,754
2019.10.4,12,755
2019.10.5,6,759
2019.10.6,8,762
2019.10.7,6,760
2019.10.8,8,755
2019.10.9,15,752
2019.10.10,11,751
2019.10.11,12,755
2019.10.12,14,752
2019.10.13,14,759
2019.10.14,21,757
2019.10.15,19,758
2019.10.16,20,752
2019.10.17,16,758
2019.10.18,16,758
2019.10.19,16,758
2019.10.20,19,758
2019.10.21,19,762
2019.10.22,17,764
2019.10.23,15,764
2019.10.24,15,760
2019.10.25,15,759
2019.10.26,17,758
2019.10.27,12,753
2019.10.28,7,758
2019.10.29,7,763
2019.10.30,7,767
2019.10.31,5,765
2019.11.1,8,762
2019.11.2,6,746
2019.11.3,12,744
2019.11.4,14,739
2019.11.5,11,741
2019.11.6,9,744
2019.11.7,7,752
2019.11.8,6,758
2019.11.9,10,753
2019.11.10,8,757
2019.11.11,8,758
2019.11.12,9,756
2019.11.13,11,751
2019.11.14,7,758
2019.11.15,10,761
2019.11.16,9,758
2019.11.17,9,763
2019.11.18,10,758
2019.11.19,12,763
2019.11.20,7,767
2019.11.21,5,766
2019.11.22,2,765
2019.11.23,0,764
2019.11.24,1,763
2019.11.25,-1,761
2019.11.26,0,758
2019.11.27,3,752
2019.11.28,7,745
2019.11.29,8,742
2019.11.30,2,757
2019.12.1,1,762
2019.12.2,1,755
2019.12.3,2,763
2019.12.4,6,760
2019.12.5,3,761
2019.12.6,2,752
2019.12.7,4,745
2019.12.8,8,747
2019.12.9,9,746
2019.12.10,4,755
2019.12.11,1,761
2019.12.12,1,752
2019.12.13,3,744
2019.12.14,5,743
2019.12.15,4,749
2019.12.16,6,757
2019.12.17,5,755
2019.12.18,10,755
2019.12.19,2,767
2019.12.20,6,752
2019.12.21,7,742
2019.12.22,7,741
2019.12.23,6,748
2019.12.24,6,752
2019.12.25,5,755
2019.12.26,5,759
2019.12.27,2,764
2019.12.28,0,774
2019.12.29,0,775
2019.12.30,5,761
2019.12.31,6,755
2020.1.1,3,765
2020.1.2,3,763
2020.1.3,2,758
2020.1.4,3,751
2020.1.5,3,767
2020.1.6,2,765
2020.1.7,3,765
2020.1.8,4,761
2020.1.9,5,761
2020.1.10,8,755
2020.1.11,4,767
2020.1.12,4,759
2020.1.13,6,761
2020.1.14,5,759
2020.1.15,7,758
2020.1.16,7,767
2020.1.17,5,769
2020.1.18,4,762
2020.1.19,3,770
2020.1.20,4,777
2020.1.21,5,767
2020.1.22,6,760
2020.1.23,1,764
2020.1.24,4,758
2020.1.25,6,758
2020.1.26,3,761
2020.1.27,2,757
2020.1.28,4,746
2020.1.29,4,743
2020.1.30,4,749
2020.1.31,4,743
2020.2.1,9,745
2020.2.2,6,743
2020.2.3,5,749
2020.2.4,1,746
2020.2.5,2,765
2020.2.6,5,759
2020.2.7,2,770
2020.2.8,4,767
2020.2.9,7,759
2020.2.10,9,734
2020.2.11,2,737
2020.2.12,4,746
2020.2.13,3,754
2020.2.14,5,759
2020.2.15,5,765
2020.2.16,9,755
2020.2.17,10,755
2020.2.18,6,755
2020.2.19,6,755
2020.2.20,7,761
2020.2.21,3,756
2020.2.22,5,754
2020.2.23,6,749
2020.2.24,7,755
2020.2.25,4,743
2020.2.26,8,740
2020.2.27,3,745
2020.2.28,2,752
2020.2.29,6,751
2020.3.1,10,746
2020.3.2,9,746
2020.3.3,8,749
2020.3.4,7,753
2020.3.5,8,753
2020.3.6,8,750
2020.3.7,7,752
2020.3.8,6,761
2020.3.9,10,758
2020.3.10,9,754
2020.3.11,9,746
2020.3.12,10,743
2020.3.13,9,751
2020.3.14,1,763
2020.3.15,5,767
2020.3.16,9,761
2020.3.17,7,767
2020.3.18,16,763
2020.3.19,10,764
2020.3.20,8,765
2020.3.21,5,769
2020.3.22,4,775
2020.3.23,4,779
2020.3.24,6,778
2020.3.25,9,776
2020.3.26,11,774
2020.3.27,15,769
2020.3.28,17,761
2020.3.29,2,761
2020.3.30,5,763
2020.3.31,4,765
2020.4.1,4,757
2020.4.2,7,752
2020.4.3,8,751
2020.4.4,8,765
2020.4.5,13,773
2020.4.6,17,772
2020.4.7,21,767
2020.4.8,17,770
2020.4.9,15,759
2020.4.10,13,765
2020.4.11,13,769
2020.4.12,17,759
2020.4.13,8,751
2020.4.14,5,757
2020.4.15,8,755
2020.4.16,11,753
2020.4.17,10,759
2020.4.18,10,761
2020.4.19,11,762
2020.4.20,12,767
2020.4.21,15,768
2020.4.22,17,768
2020.4.23,18,762
2020.4.24,17,751
2020.4.25,11,750
2020.4.26,13,754
2020.4.27,16,755
2020.4.28,21,748
2020.4.29,10,753
2020.4.30,16,755
2020.5.1,18,751
2020.5.2,17,750
2020.5.3,14,756
2020.5.4,16,759
2020.5.5,16,755
2020.5.6,16,755
2020.5.7,15,759
2020.5.8,16,759
2020.5.9,19,758
2020.5.10,20,755
2020.5.11,10,748
2020.5.12,10,755
2020.5.13,9,755
2020.5.14,13,758
2020.5.15,14,758
2020.5.16,14,758
2020.5.17,13,758
2020.5.18,15,761
2020.5.19,11,758
2020.5.20,13,762
2020.5.21,13,764
2020.5.22,15,765
2020.5.23,19,764
2020.5.24,15,761
2020.5.25,16,765
2020.5.26,16,770
2020.5.27,20,769
2020.5.28,14,766
2020.5.29,18,765
2020.5.30,19,761
2020.5.31,21,761
2020.6.1,18,763
2020.6.2,19,758
2020.6.3,16,753
2020.6.4,18,749
2020.6.5,22,745
2020.6.6,18,751
2020.6.7,23,755
2020.6.8,22,755
2020.6.9,17,760
2020.6.10,19,758
2020.6.11,26,756
2020.6.12,27,757
2020.6.13,20,760
2020.6.14,19,759
2020.6.15,17,758
2020.6.16,23,758
2020.6.17,27,757
2020.6.18,29,754
2020.6.19,26,755
2020.6.20,28,756
2020.6.21,26,758
2020.6.22,25,758
2020.6.23,19,762
2020.6.24,27,765
2020.6.25,28,767
2020.6.26,29,764
2020.6.27,25,757
2020.6.28,26,755
2020.6.29,22,755
2020.6.30,22,752
2020.7.1,19,752
2020.7.2,22,753
2020.7.3,16,757
2020.7.4,24,758
2020.7.5,23,754
2020.7.6,24,751
2020.7.7,16,757
2020.7.8,15,757
2020.7.9,15,760
2020.7.10,21,755
2020.7.11,18,761
2020.7.12,14,764
2020.7.13,21,762
2020.7.14,21,761
2020.7.15,24,758
2020.7.16,25,755
2020.7.17,26,760
2020.7.18,27,763
2020.7.19,28,761
2020.7.20,28,757
2020.7.21,20,760
2020.7.22,18,760
2020.7.23,16,758
2020.7.24,19,756
2020.7.25,21,756
2020.7.26,26,758
2020.7.27,21,761
2020.7.28,26,755
2020.7.29,19,758
2020.7.30,18,759
2020.7.31,16,757
2020.8.1,21,759
2020.8.2,22,758
2020.8.3,22,755
2020.8.4,19,755
2020.8.5,22,763
2020.8.6,25,767
2020.8.7,29,767
2020.8.8,30,764
2020.8.9,30,762
2020.8.10,28,761
2020.8.11,24,764
2020.8.12,22,764
2020.8.13,23,761
2020.8.14,27,760
2020.8.15,28,761
2020.8.16,29,761
2020.8.17,28,758
2020.8.18,20,755
2020.8.19,25,752
2020.8.20,25,756
2020.8.21,27,760
2020.8.22,29,756
2020.8.23,24,756
2020.8.24,21,756
2020.8.25,21,754
2020.8.26,16,749
2020.8.27,19,749
2020.8.28,20,755
2020.8.29,18,751
2020.8.30,20,755
2020.8.31,15,755
2020.9.1,19,761
2020.9.2,17,758
2020.9.3,19,760
2020.9.4,20,761
2020.9.5,20,757
2020.9.6,16,758
2020.9.7,16,761
2020.9.8,15,761
2020.9.9,21,761
2020.9.10,17,758
2020.9.11,17,762
2020.9.12,21,761
2020.9.13,19,764
2020.9.14,18,767
2020.9.15,26,767
2020.9.16,27,758
2020.9.17,15,764
2020.9.18,17,767
2020.9.19,18,765
2020.9.20,19,765
2020.9.21,21,762
2020.9.22,23,758
2020.9.23,25,754
2020.9.24,23,752
2020.9.25,24,749
2020.9.26,24,746
2020.9.27,23,749
2020.9.28,16,760
2020.9.29,17,760
2020.9.30,18,758
2020.10.1,19,754
2020.10.2,17,755
2020.10.3,17,753
2020.10.4,23,748
2020.10.5,21,755
2020.10.6,18,753
2020.10.7,19,754
2020.10.8,11,761
2020.10.9,13,759
2020.10.10,16,759
2020.10.11,12,761
2020.10.12,11,760
2020.10.13,9,758
2020.10.14,10,752
2020.10.15,11,757
2020.10.16,9,761
2020.10.17,8,760
2020.10.18,8,751
2020.10.19,7,760
2020.10.20,10,764
2020.10.21,12,756
2020.10.22,16,754
2020.10.23,14,755
2020.10.24,13,755
2020.10.25,15,758
2020.10.26,13,754
2020.10.27,15,755
2020.10.28,13,758
2020.10.29,12,755
2020.10.30,10,758
2020.10.31,11,765
2020.11.1,12,762
2020.11.2,9,756
2020.11.3,14,762
2020.11.4,11,766
2020.11.5,10,767
2020.11.6,13,767
2020.11.7,10,769
2020.11.8,9,767
2020.11.9,7,771
2020.11.10,9,773
2020.11.11,6,771
2020.11.12,6,767
2020.11.13,6,764
2020.11.14,8,762
2020.11.15,10,761
2020.11.16,11,758
2020.11.17,9,764
2020.11.18,11,765
2020.11.19,11,754
2020.11.20,6,763
2020.11.21,2,769
2020.11.22,6,757
2020.11.23,6,758
2020.11.24,7,762
2020.11.25,8,762
2020.11.26,1,760
2020.11.27,6,759
2020.11.28,2,764
2020.11.29,2,764
2020.11.30,1,763
2020.12.1,1,766
2020.12.2,-1,767
2020.12.3,0,760
2020.12.4,4,753
2020.12.5,9,757
2020.12.6,3,761
2020.12.7,2,760
2020.12.8,-2,762
2020.12.9,-3,764
2020.12.10,-1,759
2020.12.11,1,756
2020.12.12,1,755
2020.12.13,0,758
2020.12.14,1,761
2020.12.15,1,762
2020.12.16,4,761
2020.12.17,6,767
2020.12.18,6,764
2020.12.19,5,767
2020.12.20,3,767
2020.12.21,3,765
2020.12.22,4,757
2020.12.23,6,757
2020.12.24,4,746
2020.12.25,3,754
2020.12.26,2,758
2020.12.27,1,755
2020.12.28,3,746
2020.12.29,5,740
2020.12.30,3,751
2020.12.31,2,754
2021.1.1,-2,755
2021.1.2,1,760
2021.1.3,0,764
2021.1.4,0,764
2021.1.5,1,761
2021.1.6,0,758
2021.1.7,2,753
2021.1.8,1,756
2021.1.9,-2,759
2021.1.10,-2,764
2021.1.11,0,760
2021.1.12,0,749
2021.1.13,0,749
2021.1.14,-3,756
2021.1.15,-8,761
2021.1.16,-8,756
2021.1.17,-16,764
2021.1.18,-10,763
2021.1.19,-7,758
2021.1.20,-3,752
2021.1.21,4,749
2021.1.22,5,743
2021.1.23,2,746
2021.1.24,1,744
2021.1.25,2,747
2021.1.26,0,748
2021.1.27,1,752
2021.1.28,0,748
2021.1.29,-2,744
2021.1.30,1,743
2021.1.31,-1,749
2021.2.1,-2,753
2021.2.2,-3,750
2021.2.3,1,752
2021.2.4,-3,756
2021.2.5,-1,763
2021.2.6,-8,766
2021.2.7,-11,766
2021.2.8,-11,758
2021.2.9,-8,753
2021.2.10,-11,755
2021.2.11,-10,764
2021.2.12,-8,770
2021.2.13,1,768
2021.2.14,1,769
2021.2.15,0,772
2021.2.16,-1,764
2021.2.17,-1,760
2021.2.18,-8,767
2021.2.19,-3,760
2021.2.20,2,766
2021.2.21,5,764
2021.2.22,10,765
2021.2.23,6,769
2021.2.24,12,770
2021.2.25,15,766
2021.2.26,9,762
2021.2.27,8,768
2021.2.28,5,767
2021.3.1,3,771
2021.3.2,6,770
2021.3.3,5,767
2021.3.4,3,755
2021.3.5,3,762
2021.3.6,3,765
2021.3.7,0,754
2021.3.8,1,760
2021.3.9,0,764
2021.3.10,3,764
2021.3.11,2,755
2021.3.12,7,746
2021.3.13,6,747